Model,RMSE,MAE,R²
Random Forest,73051.69885857344,55320.143863484176,0.013240823164974103
Gradient Boosting,73052.22811480434,55318.19022666708,0.013226525062596584
GBT (Optimized),73052.22811480428,55318.19022666676,0.013226525062598027
Linear Regression,73080.4848206683,55353.20436453766,0.012463006655528464
